"","Minutes","NClxT","TPsum","avNcycT","avSPLT","kHz125ileT","kHzMedianT","kHz875ileT","kHzModeT","percentupT","avUpT","percentdownT","avDownT","Clks_s_25ile","Clks_s_median","Clks_s_75ile","Clks_s_mode","HiQ","ModQ","Season","Random","FMA"
"1",79,6263,35879282,10,64,104,128,136,135,36,9,58,8,22,45,132,20,1645,4618,"Spring",0.8374919209,"IId"
"2",76,6589,32316645,9,30,122,131,138,132,30,8,64,8,28,53,99,19,1338,5251,"Spring",0.2434831277,"IId"
"3",74,15264,44081998,9,37,122,130,136,136,33,8,61,7,51,106,214,252,7431,7833,"Spring",0.3894671425,"IId"
"4",154,29798,86979154,10,38,122,131,137,136,32,8,62,8,51,112,229,252,11858,17940,"Spring",0.4315022869,"IId"
"5",100,27066,75306842,10,41,121,130,137,132,33,8,60,8,49,113,252,252,12062,15004,"Spring",0.5102629235,"IId"
"6",171,42859,118773174,10,48,121,130,137,136,36,8,58,8,52,112,217,252,19379,23480,"Spring",0.1765769826,"IId"
"7",213,50283,143605687,9,49,107,128,136,136,38,9,56,8,50,91,188,252,21652,28631,"Spring",0.3078320637,"IId"
"8",11,282,1827406,7,33,77,120,134,119,35,10,58,6,19,33,54,16,29,253,"Spring",0.8749630765,"IId"
"9",132,28544,115075174,10,41,110,129,137,136,34,9,61,8,34,71,159,19,11754,16790,"Spring",0.142765175,"IId"
"10",484,48831,156114097,10,47,121,130,137,136,34,8,59,8,47,91,184,252,17646,31185,"Spring",0.3693591874,"IId"
"11",203,24594,81156298,10,45,121,130,136,132,35,8,59,8,46,105,189,252,8517,16077,"Spring",0.868868283,"IId"
"12",227,49168,149950690,10,50,121,130,137,136,34,8,60,8,49,103,204,252,21231,27937,"Spring",0.4214181052,"IId"
"13",103,25581,92603709,10,43,121,130,137,136,35,8,60,8,40,77,175,252,9219,16362,"Spring",0.7573524707,"IId"
"14",102,26471,89531165,10,45,119,129,136,129,35,9,59,8,42,104,197,252,10790,15681,"Spring",0.1065654618,"IId"
"15",145,31308,102423369,10,41,121,130,137,129,34,8,60,8,43,90,188,252,10985,20323,"Spring",0.6711149094,"IId"
"16",156,10983,52900760,9,78,90,125,136,128,40,11,54,8,31,57,150,252,3011,7972,"Spring",0.2980994887,"IId"
"17",15,127,993957,9,24,128,134,138,136,38,11,56,7,36,126,169,160,13,114,"Spring",0.9468298763,"IId"
"18",86,17978,56813158,10,49,119,130,137,136,34,9,60,8,49,102,182,252,8296,9682,"Spring",0.4515093094,"IId"
"19",15,3355,16650164,9,68,80,120,133,126,46,11,49,8,34,59,211,252,946,2409,"Spring",0.8208180753,"IId"
"20",213,50283,143605687,9,49,107,128,136,136,38,9,56,8,50,91,188,252,21652,28631,"Spring",0.3078320637,"IId"
"21",195,39053,123627587,10,47,122,131,137,136,34,8,60,8,45,89,178,252,17590,21463,"Spring",0.1779590394,"IId"
"22",34,1601,4169983,9,37,117,125,134,125,37,8,57,8,64,103,167,92,532,1069,"Spring",0.6368502006,"IId"
"23",30,3091,11674497,7,39,55,121,133,125,48,10,46,7,34,56,110,52,649,2442,"Spring",0.8603496945,"IId"
"24",106,9152,31553658,10,43,122,131,137,136,34,8,60,8,40,92,205,252,2741,6411,"Spring",0.2692565267,"IId"
"25",168,22999,88385213,10,51,122,131,137,136,33,8,61,8,36,68,153,252,7276,15723,"Spring",0.3408718989,"IId"
"26",1,15,12963,5,152,121,125,130,126,33,7,53,3,231,231,231,231,0,15,"Spring",0.07466130407,"IId"
"27",56,13329,29882942,9,42,122,130,136,129,35,8,59,7,71,173,252,252,6309,7020,"Spring",0.08684680514,"IId"
"28",64,1368,11447695,8,36,51,88,136,86,37,8,58,7,22,40,130,252,132,1236,"Spring",0.4039700049,"IId"
"29",42,5700,22224091,9,38,121,130,137,136,32,8,61,7,35,73,135,27,1922,3778,"Spring",0.1899862641,"IId"
"30",52,8100,24230826,9,37,121,129,137,129,33,8,61,8,54,109,199,252,2690,5410,"Spring",0.4449178509,"IId"
"31",65,1351,7970765,8,20,123,130,138,132,25,7,68,8,26,39,69,25,41,1310,"Spring",0.2390410183,"IId"
"32",7,256,1888957,6,20,49,72,129,52,50,9,42,5,22,30,46,30,18,238,"Spring",0.9332884956,"IId"
"33",37,4584,18232303,10,38,121,131,139,138,33,8,61,7,33,87,191,252,1492,3092,"Spring",0.6817510884,"IId"
"34",86,17978,56813158,10,49,119,130,137,136,34,9,60,8,49,102,182,252,8296,9682,"Spring",0.4515093094,"IId"
"35",23,798,6927178,7,153,80,114,128,112,57,13,38,7,16,26,38,14,180,618,"Spring",0.9884542677,"IId"
"36",227,49168,149950690,10,50,121,130,137,136,34,8,60,8,49,103,204,252,21231,27937,"Spring",0.4214181052,"IId"
"37",50,5561,24023180,10,51,122,131,138,136,35,9,59,8,29,63,131,20,1279,4282,"Spring",0.3149451731,"IId"
"38",7,256,1888957,6,20,49,72,129,52,50,9,42,5,22,30,46,30,18,238,"Spring",0.9332884956,"IId"
"39",24,882,5666356,8,46,120,129,136,129,31,7,61,6,24,32,42,30,80,802,"Spring",0.1872579452,"IId"
"40",1,41,229326,6,45,55,122,125,125,60,8,36,4,21,43,45,45,0,41,"Spring",0.2727596922,"IId"
"41",47,5241,20747186,9,44,122,130,138,136,33,8,60,8,36,70,172,252,1266,3975,"Spring",0.3637090281,"IId"
"42",15,4485,22048785,8,68,73,122,135,136,46,10,49,7,25,59,133,18,1733,2752,"Spring",0.8819410232,"IId"
"43",1,26,37317,8,20,125,131,136,125,38,8,50,6,122,122,207,122,0,26,"Spring",0.3924505434,"IId"
"44",17,3290,13280694,8,27,125,133,140,136,30,8,63,7,33,71,142,20,1031,2259,"Spring",0.6902054631,"IId"
"45",34,1601,4169983,9,37,117,125,134,125,37,8,57,8,64,103,167,92,532,1069,"Spring",0.6368502006,"IId"
"46",18,1090,5454355,10,43,123,134,139,136,31,8,64,8,25,54,109,23,272,818,"Spring",0.8332483234,"IId"
"47",22,357,1754332,8,31,122,131,137,136,26,6,68,6,32,42,65,32,0,357,"Spring",0.8660421818,"IId"
"48",147,15498,56759824,10,46,122,130,137,129,36,9,59,8,35,100,184,252,5441,10057,"Spring",0.877402905,"IId"
"49",60,8800,24549921,9,38,121,131,138,136,35,8,59,7,49,106,216,252,4322,4478,"Spring",0.8044172787,"IId"
"50",73,10652,57933460,9,41,66,125,137,136,39,9,55,8,24,44,78,21,2749,7903,"Spring",0.01948724805,"IId"
"51",4,182,485418,9,27,123,134,138,134,39,9,58,9,70,75,104,70,35,147,"Spring",0.3343181228,"IId"
"52",22,357,1754332,8,31,122,131,137,136,26,6,68,6,32,42,65,32,0,357,"Spring",0.8660421818,"IId"
"53",168,22999,88385213,10,51,122,131,137,136,33,8,61,8,36,68,153,252,7276,15723,"Spring",0.3408718989,"IId"
"54",1,12,8581,7,15,124,132,137,129,33,2,66,9,252,252,252,252,0,12,"Spring",0.7121011772,"IId"
"55",1,19,425084,13,25,136,137,139,137,52,7,36,6,9,9,9,9,0,19,"Spring",0.2082374805,"IId"
"56",168,22999,88385213,10,51,122,131,137,136,33,8,61,8,36,68,153,252,7276,15723,"Spring",0.3408718989,"IId"
"57",6,210,665069,6,45,65,107,126,126,56,13,38,7,44,71,98,144,17,193,"Spring",0.9151615916,"IId"
"58",83,24019,67982303,10,47,104,128,136,129,38,9,56,7,56,148,252,252,10665,13354,"Spring",0.260892742,"IId"
"59",2,72,780978,7,21,120,126,135,125,47,8,50,10,119,123,198,123,0,72,"Spring",0.102585605,"IId"
"60",279,30338,129596215,10,57,121,131,137,136,34,8,60,8,31,61,142,25,8872,21466,"Spring",0.5824151318,"IId"
"61",52,8100,24230826,9,37,121,129,137,129,33,8,61,8,54,109,199,252,2690,5410,"Spring",0.4449178509,"IId"
"62",6,413,1425074,6,48,61,75,126,72,42,10,52,6,41,68,252,252,151,262,"Spring",0.2696447361,"IId"
"63",203,24594,81156298,10,45,121,130,136,132,35,8,59,8,46,105,189,252,8517,16077,"Spring",0.868868283,"IId"
"64",43,1443,6674288,8,23,121,129,136,129,29,7,65,7,34,64,91,17,234,1209,"Spring",0.8586230495,"IId"
"65",1,12,8581,7,15,124,132,137,129,33,2,66,9,252,252,252,252,0,12,"Spring",0.7121011772,"IId"
"66",50,5561,24023180,10,51,122,131,138,136,35,9,59,8,29,63,131,20,1279,4282,"Spring",0.3149451731,"IId"
"67",11,1515,5976070,7,35,51,115,130,126,50,9,45,6,40,55,135,52,219,1296,"Spring",0.5006677309,"IId"
"68",543,91385,298026233,10,48,121,130,137,132,35,8,59,8,48,96,181,252,33186,58199,"Spring",0.9053557827,"IId"
"69",213,50283,143605687,9,49,107,128,136,136,38,9,56,8,50,91,188,252,21652,28631,"Spring",0.3078320637,"IId"
"70",14,1502,10122916,6,51,59,118,127,126,58,11,37,7,30,48,82,32,287,1215,"Spring",0.1633480163,"IId"
"71",81,6545,24506792,9,42,121,130,136,134,33,8,60,8,38,68,133,37,1390,5155,"Spring",0.9713981462,"IId"
"72",31,4668,21682622,12,57,121,131,136,136,33,8,61,9,29,55,157,21,1631,3037,"Spring",0.9183163498,"IId"
"73",194,26360,107560570,10,48,121,130,136,136,35,9,58,8,33,73,151,22,7072,19288,"Spring",0.02983067033,"IId"
"74",23,798,6927178,7,153,80,114,128,112,57,13,38,7,16,26,38,14,180,618,"Spring",0.9884542677,"IId"
"75",8,184,709031,7,18,121,131,135,133,39,10,54,8,25,90,186,25,0,184,"Spring",0.1528021027,"IId"
"76",18,1380,3970276,9,51,121,130,137,132,37,7,57,7,63,153,205,252,465,915,"Spring",0.7135676561,"IId"
"77",18,1380,3970276,9,51,121,130,137,132,37,7,57,7,63,153,205,252,465,915,"Spring",0.7135676561,"IId"
"78",46,8438,35764964,10,45,121,129,137,136,31,8,63,8,32,51,124,32,2119,6319,"Spring",0.8883803915,"IId"
"79",15,3355,16650164,9,68,80,120,133,126,46,11,49,8,34,59,211,252,946,2409,"Spring",0.8208180753,"IId"
"80",73,10652,57933460,9,41,66,125,137,136,39,9,55,8,24,44,78,21,2749,7903,"Spring",0.01948724805,"IId"
"81",185,38915,119965236,10,40,122,130,136,132,34,9,60,8,53,107,192,252,15934,22981,"Spring",0.8389443607,"IId"
"82",124,18198,49556156,10,52,120,130,136,136,36,9,58,8,66,127,216,252,9526,8672,"Spring",0.8463905795,"IId"
"83",279,30338,129596215,10,57,121,131,137,136,34,8,60,8,31,61,142,25,8872,21466,"Spring",0.5824151318,"IId"
"84",50,5561,24023180,10,51,122,131,138,136,35,9,59,8,29,63,131,20,1279,4282,"Spring",0.3149451731,"IId"
"85",543,91385,298026233,10,48,121,130,137,132,35,8,59,8,48,96,181,252,33186,58199,"Spring",0.9053557827,"IId"
"86",32,6435,13759664,10,51,122,129,136,129,37,9,58,8,75,132,216,252,2658,3777,"Spring",0.2765053359,"IId"
"87",1,395,4293040,6,92,57,105,127,125,60,12,35,6,15,22,45,21,113,282,"Spring",0.5976778809,"IId"
"88",120,19359,53561953,9,43,122,129,136,125,36,8,58,8,51,123,244,252,7782,11577,"Spring",0.7982114689,"IId"
"89",48,6127,26502098,9,40,121,130,136,136,33,8,61,7,33,52,127,29,1582,4545,"Spring",0.6112985751,"IId"
"90",142,32102,99218746,9,38,122,131,137,132,33,8,61,8,47,91,176,252,11035,21067,"Spring",0.745937277,"IId"
"91",54,6869,22077215,9,44,121,129,137,129,32,8,61,7,48,92,179,252,1914,4955,"Spring",0.7696583432,"IId"
"92",142,32102,99218746,9,38,122,131,137,132,33,8,61,8,47,91,176,252,11035,21067,"Spring",0.745937277,"IId"
"93",29,568,1923176,9,53,122,131,136,136,32,9,63,8,41,110,157,137,93,475,"Spring",0.4182773094,"IId"
"94",69,9016,26739101,9,39,121,129,136,129,34,8,59,7,49,98,232,252,3801,5215,"Spring",0.9400753517,"IId"
"95",1,988,6164370,6,79,61,109,127,121,58,11,36,7,23,31,47,27,66,922,"Spring",0.9235406419,"IId"
"96",1,67,380675,6,73,113,121,127,121,80,11,19,6,23,45,50,48,0,67,"Spring",0.4114884215,"IId"
"97",56,9423,28407151,9,49,122,131,138,132,33,8,61,8,48,98,195,252,3257,6166,"Spring",0.4406301023,"IId"
"98",10,815,5624522,6,123,72,116,128,120,69,13,28,7,22,29,51,23,241,574,"Spring",0.558946817,"IId"
"99",142,32102,99218746,9,38,122,131,137,132,33,8,61,8,47,91,176,252,11035,21067,"Spring",0.745937277,"IId"
"100",69,13812,42234913,9,39,121,129,136,132,30,8,63,8,48,86,196,252,5237,8575,"Spring",0.3924291095,"IId"
"101",2,31,200629,11,32,130,136,139,136,29,7,67,9,22,22,53,22,0,31,"Spring",0.5439932243,"IId"
"102",18,1090,5454355,10,43,123,134,139,136,31,8,64,8,25,54,109,23,272,818,"Spring",0.8332483234,"IId"
"103",1,205,576683,5,56,64,77,121,78,58,11,36,5,41,62,252,252,46,159,"Spring",0.6377759319,"IId"
"104",165,10931,48531600,10,48,121,131,138,136,33,9,61,8,34,67,132,27,2650,8281,"Spring",0.8564802219,"IId"
"105",147,15498,56759824,10,46,122,130,137,129,36,9,59,8,35,100,184,252,5441,10057,"Spring",0.877402905,"IId"
"106",132,28544,115075174,10,41,110,129,137,136,34,9,61,8,34,71,159,19,11754,16790,"Spring",0.142765175,"IId"
"107",77,16935,44893159,10,43,120,130,137,129,34,8,60,8,56,111,231,252,6852,10083,"Spring",0.03290483523,"IId"
"108",60,8800,24549921,9,38,121,131,138,136,35,8,59,7,49,106,216,252,4322,4478,"Spring",0.8044172787,"IId"
"109",265,46659,143924255,10,48,122,130,137,136,34,9,60,8,47,90,186,252,20491,26168,"Spring",0.8870169597,"IId"
"110",48,4661,14228446,8,43,120,128,136,125,41,9,53,7,57,115,208,252,1434,3227,"Spring",0.6659300201,"IId"
"111",190,36567,100603433,10,48,122,130,137,136,35,9,59,8,58,118,212,252,17638,18929,"Spring",0.8956925138,"IId"
"112",31,4668,21682622,12,57,121,131,136,136,33,8,61,9,29,55,157,21,1631,3037,"Spring",0.9183163498,"IId"
"113",42,11842,28415111,10,51,121,130,137,136,35,9,59,8,59,129,244,252,5086,6756,"Spring",0.2690754336,"IId"
"114",69,13812,42234913,9,39,121,129,136,132,30,8,63,8,48,86,196,252,5237,8575,"Spring",0.3924291095,"IId"
"115",48,4661,14228446,8,43,120,128,136,125,41,9,53,7,57,115,208,252,1434,3227,"Spring",0.6659300201,"IId"
"116",46,8438,35764964,10,45,121,129,137,136,31,8,63,8,32,51,124,32,2119,6319,"Spring",0.8883803915,"IId"
"117",10,626,1037418,6,31,126,125,45,5,45,5,129,252,369,257,0,252,369,257,"Winter",0.1202099069,"FMAII"
"118",3,54,170973,6,39,129,131,20,6,66,4,54,54,0,54,0,54,0,54,"Winter",0.6643873346,"FMAII"
"119",23,298,2911625,6,37,126,126,14,4,78,5,27,25,0,298,0,25,0,298,"Fall",0.1839148459,"FMAII"
"120",3,54,170973,6,39,129,131,20,6,66,4,54,54,0,54,0,54,0,54,"Winter",0.6643873346,"FMAII"
"121",14,1056,4922037,7,75,130,132,24,7,68,7,58,78,400,656,0,78,400,656,"Winter",0.2010971102,"FMAII"
"122",20,203,1073575,7,29,130,129,17,5,78,5,39,26,0,203,0,26,0,203,"Winter",0.9970270389,"FMAII"
"123",14,860,4400156,8,34,132,135,25,4,67,6,83,94,266,594,19,94,266,594,"Winter",0.02326854897,"FMAII"
"124",6,104,660356,8,35,128,128,25,3,67,6,45,23,0,104,0,23,0,104,"Winter",0.7820423684,"FMAII"
"125",10,626,1037418,6,31,126,125,45,5,45,5,129,252,369,257,0,252,369,257,"Winter",0.1202099069,"FMAII"
"126",1,92,6764912,5,97,114,113,47,8,41,6,43,3.5,0,92,12,3.5,0,92,"Winter",0.3375363117,"FMAII"
"127",7,81,352795,8,37,127,128,13,4,79,7,40,37,0,81,0,37,0,81,"Winter",0.1792700901,"FMAII"
"128",14,860,4400156,8,34,132,135,25,4,67,6,83,94,266,594,19,94,266,594,"Winter",0.02326854897,"FMAII"
"129",21,642,3054036,7,83,131,135,30,5,60,6,58,61,313,329,0,61,313,329,"Winter",0.2555654494,"FMAII"
"130",35,1505,7587121,8,42,131,132,20,6,74,7,70,71,562,943,20,71,562,943,"Winter",0.5362246951,"FMAII"
"131",9,257,1003212,12,32,131,129,28,5,67,7,81,81,122,135,0,81,122,135,"Winter",0.1166107721,"FMAII"
"132",14,454,2984003,7,28,132,132,16,4,78,5,48,23,40,414,0,23,40,414,"Winter",0.2455289554,"FMAII"
"133",32,824,2526052,7,35,130,130,21,5,70,6,69,65,299,525,0,65,299,525,"Winter",0.03560091148,"FMAII"
"134",21,1831,14175939,8,35,132,132,20,5,74,6,65,66,736,1095,19,66,736,1095,"Winter",0.8109367623,"FMAII"
"135",9,257,1003212,12,32,131,129,28,5,67,7,81,81,122,135,0,81,122,135,"Winter",0.1166107721,"FMAII"
"136",21,642,3054036,7,83,131,135,30,5,60,6,58,61,313,329,0,61,313,329,"Winter",0.2555654494,"FMAII"
"137",1,92,6764912,5,97,114,113,47,8,41,6,43,3.5,0,92,12,3.5,0,92,"Winter",0.3375363117,"FMAII"
"138",9,286,1299567,6,34,128,128,6,2,87,5,53,57,79,207,0,57,79,207,"Winter",0.1658053669,"FMAII"
"139",1,5,13706,5,52,129,129,20,1,80,1,58,58,0,5,0,58,0,5,"Winter",0.496187042,"FMAII"
"140",6,133,675196,6,28,129,129,22,5,75,5,35,31,0,133,0,31,0,133,"Winter",0.0865323998,"FMAII"
"141",13,72,337093,6,21,133,134,27,4,69,5,40,40,39,33,0,40,39,33,"Winter",0.5133468725,"FMAII"
"142",14,860,4400156,8,34,132,135,25,4,67,6,83,94,266,594,19,94,266,594,"Winter",0.02326854897,"FMAII"
"143",6,104,660356,8,35,128,128,25,3,67,6,45,23,0,104,0,23,0,104,"Winter",0.7820423684,"FMAII"
"144",1,6,27168,5,18,129,129,50,4,50,1,37,37,0,6,0,37,0,6,"Winter",0.6513729913,"FMAII"
"145",9,230,1298017,6,23,129,129,22,6,66,5,41,56,0,230,0,56,0,230,"Summer",0.5908884445,"FMAII"
"146",13,72,337093,6,21,133,134,27,4,69,5,40,40,39,33,0,40,39,33,"Winter",0.5133468725,"FMAII"
"147",1,5,25903,9,16,132,132,0,0,100,9,31,31,0,5,0,31,0,5,"Winter",0.4280649062,"FMAII"
"148",3,102,756338,6,33,129,130,7,9,84,4,29,37,28,74,0,37,28,74,"Fall",0.6850514216,"FMAII"
"149",1,5,42447,6,45,131,132,0,0,100,5,19,19,0,5,0,19,0,5,"Winter",0.2916161532,"FMAII"
"150",35,1505,7587121,8,42,131,132,20,6,74,7,70,71,562,943,20,71,562,943,"Winter",0.5362246951,"FMAII"
"151",20,182,792464,6,18,129,132,10,5,83,6,44,35,0,182,0,35,0,182,"Winter",0.5692110364,"FMAII"
"152",20,203,1073575,7,29,130,129,17,5,78,5,39,26,0,203,0,26,0,203,"Winter",0.9970270389,"FMAII"
"153",21,1831,14175939,8,35,132,132,20,5,74,6,65,66,736,1095,19,66,736,1095,"Winter",0.8109367623,"FMAII"
"154",35,2411,14867167,8,36,128,129,23,5,71,6,49,43,391,2020,9,43,391,2020,"Winter",0.6473274309,"FMAII"
"155",13,72,337093,6,21,133,134,27,4,69,5,40,40,39,33,0,40,39,33,"Winter",0.5133468725,"FMAII"
"156",3,102,756338,6,33,129,130,7,9,84,4,29,37,28,74,0,37,28,74,"Fall",0.6850514216,"FMAII"
"157",6,133,675196,6,28,129,129,22,5,75,5,35,31,0,133,0,31,0,133,"Winter",0.0865323998,"FMAII"
"158",41,2111,7428996,6,27,129,129,24,6,68,5,61,44,611,1500,0,44,611,1500,"Winter",0.98066561,"FMAII"
"159",4,48,232653,6,22,127,121,18,3,77,6,35,32,0,48,0,32,0,48,"Winter",0.107937389,"FMAII"
"160",6,28,127675,8,20,128,131,21,5,78,5,38,51,0,28,0,51,0,28,"Winter",0.0818744116,"FMAII"
"161",1,7,8892,5,34,128,128,28,2,14,1,135,135,0,7,0,135,0,7,"Winter",0.865538769,"FMAII"
"162",12,19,69800,5,34,127,127,31,2,57,4,50,50,0,19,0,50,0,19,"Winter",0.3888768245,"FMAII"
"163",1,5,25903,9,16,132,132,0,0,100,9,31,31,0,5,0,31,0,5,"Winter",0.4280649062,"FMAII"
"164",1,92,6764912,5,97,114,113,47,8,41,6,43,3.5,0,92,12,3.5,0,92,"Winter",0.3375363117,"FMAII"
"165",12,19,69800,5,34,127,127,31,2,57,4,50,50,0,19,0,50,0,19,"Winter",0.3888768245,"FMAII"
"166",1,6,27168,5,18,129,129,50,4,50,1,37,37,0,6,0,37,0,6,"Winter",0.6513729913,"FMAII"
"167",14,1056,4922037,7,75,130,132,24,7,68,7,58,78,400,656,0,78,400,656,"Winter",0.2010971102,"FMAII"
"168",13,140,536284,8,31,128,123,21,5,72,7,102,33,28,112,0,33,28,112,"Winter",0.09269742697,"FMAII"
"169",6,104,660356,8,35,128,128,25,3,67,6,45,23,0,104,0,23,0,104,"Winter",0.7820423684,"FMAII"
"170",9,230,1298017,6,23,129,129,22,6,66,5,41,56,0,230,0,56,0,230,"Summer",0.5908884445,"FMAII"
"171",11,247,1039742,7,23,130,131,32,6,62,5,45,40,87,160,0,40,87,160,"Winter",0.1920810318,"FMAII"
"172",10,252,1270725,7,33,133,135,13,5,76,5,47,48,109,143,0,48,109,143,"Winter",0.9067840146,"FMAII"
"173",35,1505,7587121,8,42,131,132,20,6,74,7,70,71,562,943,20,71,562,943,"Winter",0.5362246951,"FMAII"
"174",9,286,1299567,6,34,128,128,6,2,87,5,53,57,79,207,0,57,79,207,"Winter",0.1658053669,"FMAII"
"175",20,182,792464,6,18,129,132,10,5,83,6,44,35,0,182,0,35,0,182,"Winter",0.5692110364,"FMAII"
"176",14,860,4400156,8,34,132,135,25,4,67,6,83,94,266,594,19,94,266,594,"Winter",0.02326854897,"FMAII"
"177",11,516,1759829,7,30,130,130,25,6,67,5,55,44,72,444,0,44,72,444,"Winter",0.6451162238,"FMAII"
"178",5,640,2750099,7,27,133,132,19,6,73,5,48,39,129,511,0,39,129,511,"Winter",0.7460994072,"FMAII"
"179",12,19,69800,5,34,127,127,31,2,57,4,50,50,0,19,0,50,0,19,"Winter",0.3888768245,"FMAII"
"180",24,192,475112,6,23,127,127,31,6,64,5,82,64,0,192,0,64,0,192,"Winter",0.2324039921,"FMAII"
"181",12,19,69800,5,34,127,127,31,2,57,4,50,50,0,19,0,50,0,19,"Winter",0.3888768245,"FMAII"
"182",13,140,536284,8,31,128,123,21,5,72,7,102,33,28,112,0,33,28,112,"Winter",0.09269742697,"FMAII"
"183",14,860,4400156,8,34,132,135,25,4,67,6,83,94,266,594,19,94,266,594,"Winter",0.02326854897,"FMAII"
"184",1,98,491168,6,24,132,132,12,4,80,5,60,61,18,80,11,61,18,80,"Winter",0.9702003147,"FMAII"
"185",20,182,792464,6,18,129,132,10,5,83,6,44,35,0,182,0,35,0,182,"Winter",0.5692110364,"FMAII"
"186",7,81,352795,8,37,127,128,13,4,79,7,40,37,0,81,0,37,0,81,"Winter",0.1792700901,"FMAII"
"187",1,15,86719,7,35,128,127,33,7,53,7,35,35,0,15,0,35,0,15,"Winter",0.823519485,"FMAII"
"188",4,48,232653,6,22,127,121,18,3,77,6,35,32,0,48,0,32,0,48,"Winter",0.107937389,"FMAII"
"189",20,182,792464,6,18,129,132,10,5,83,6,44,35,0,182,0,35,0,182,"Winter",0.5692110364,"FMAII"
"190",11,247,1039742,7,23,130,131,32,6,62,5,45,40,87,160,0,40,87,160,"Winter",0.1920810318,"FMAII"
"191",28,328,5734269,8,21,130,130,25,4,70,7,47,45,33,295,3,45,33,295,"Winter",0.5272461909,"FMAII"
"192",6,123,665699,7,19,130,131,18,6,75,6,47,44,0,123,2,44,0,123,"Winter",0.1557313514,"FMAII"
"193",1,5,42447,6,45,131,132,0,0,100,5,19,19,0,5,0,19,0,5,"Winter",0.2916161532,"FMAII"
"194",14,860,4400156,8,34,132,135,25,4,67,6,83,94,266,594,19,94,266,594,"Winter",0.02326854897,"FMAII"
"195",11,101,349425,6,26,132,133,14,5,79,6,56,56,11,90,0,56,11,90,"Winter",0.3283648558,"FMAII"
"196",1,5,13706,5,52,129,129,20,1,80,1,58,58,0,5,0,58,0,5,"Winter",0.496187042,"FMAII"
"197",1,6,27168,5,18,129,129,50,4,50,1,37,37,0,6,0,37,0,6,"Winter",0.6513729913,"FMAII"
"198",9,286,1299567,6,34,128,128,6,2,87,5,53,57,79,207,0,57,79,207,"Winter",0.1658053669,"FMAII"
"199",20,182,792464,6,18,129,132,10,5,83,6,44,35,0,182,0,35,0,182,"Winter",0.5692110364,"FMAII"
"200",9,257,1003212,12,32,131,129,28,5,67,7,81,81,122,135,0,81,122,135,"Winter",0.1166107721,"FMAII"
"201",32,824,2526052,7,35,130,130,21,5,70,6,69,65,299,525,0,65,299,525,"Winter",0.03560091148,"FMAII"
"202",1,15,86719,7,35,128,127,33,7,53,7,35,35,0,15,0,35,0,15,"Winter",0.823519485,"FMAII"
"203",1,6,27168,5,18,129,129,50,4,50,1,37,37,0,6,0,37,0,6,"Winter",0.6513729913,"FMAII"
"204",1,92,6764912,5,97,114,113,47,8,41,6,43,3.5,0,92,12,3.5,0,92,"Winter",0.3375363117,"FMAII"
"205",4,48,232653,6,22,127,121,18,3,77,6,35,32,0,48,0,32,0,48,"Winter",0.107937389,"FMAII"
"206",11,101,349425,6,26,132,133,14,5,79,6,56,56,11,90,0,56,11,90,"Winter",0.3283648558,"FMAII"
"207",30,2175,6938745,9,40,130,132,31,7,62,8,62,69,1090,1085,3,69,1090,1085,"Winter",0.8650312008,"FMAII"
"208",28,328,5734269,8,21,130,130,25,4,70,7,47,45,33,295,3,45,33,295,"Winter",0.5272461909,"FMAII"
"209",9,286,1299567,6,34,128,128,6,2,87,5,53,57,79,207,0,57,79,207,"Winter",0.1658053669,"FMAII"
"210",9,257,1003212,12,32,131,129,28,5,67,7,81,81,122,135,0,81,122,135,"Winter",0.1166107721,"FMAII"
"211",44,3416,10466118,7,37,130,129,24,6,67,6,75,66,1265,2151,28,66,1265,2151,"Winter",0.3291563755,"FMAII"
"212",1,6,27168,5,18,129,129,50,4,50,1,37,37,0,6,0,37,0,6,"Winter",0.6513729913,"FMAII"
"213",30,2175,6938745,9,40,130,132,31,7,62,8,62,69,1090,1085,3,69,1090,1085,"Winter",0.8650312008,"FMAII"
"214",28,328,5734269,8,21,130,130,25,4,70,7,47,45,33,295,3,45,33,295,"Winter",0.5272461909,"FMAII"
"215",9,257,1003212,12,32,131,129,28,5,67,7,81,81,122,135,0,81,122,135,"Winter",0.1166107721,"FMAII"
"216",9,257,1003212,12,32,131,129,28,5,67,7,81,81,122,135,0,81,122,135,"Winter",0.1166107721,"FMAII"
"217",14,454,2984003,7,28,132,132,16,4,78,5,48,23,40,414,0,23,40,414,"Winter",0.2455289554,"FMAII"
"218",1,5,25903,9,16,132,132,0,0,100,9,31,31,0,5,0,31,0,5,"Winter",0.4280649062,"FMAII"
"219",9,257,1003212,12,32,131,129,28,5,67,7,81,81,122,135,0,81,122,135,"Winter",0.1166107721,"FMAII"
"220",10,626,1037418,6,31,126,125,45,5,45,5,129,252,369,257,0,252,369,257,"Winter",0.1202099069,"FMAII"
"221",20,203,1073575,7,29,130,129,17,5,78,5,39,26,0,203,0,26,0,203,"Winter",0.9970270389,"FMAII"
"222",35,2411,14867167,8,36,128,129,23,5,71,6,49,43,391,2020,9,43,391,2020,"Winter",0.6473274309,"FMAII"
"223",16,25,66015,6,27,127,127,24,3,64,3,74,74,0,25,0,74,0,25,"Winter",0.5985045618,"FMAII"
"224",1,6,27168,5,18,129,129,50,4,50,1,37,37,0,6,0,37,0,6,"Winter",0.6513729913,"FMAII"
"225",23,298,2911625,6,37,126,126,14,4,78,5,27,25,0,298,0,25,0,298,"Fall",0.1839148459,"FMAII"
"226",9,286,1299567,6,34,128,128,6,2,87,5,53,57,79,207,0,57,79,207,"Winter",0.1658053669,"FMAII"
"227",22,1034,5201693,7,38,131,131,20,5,74,6,63,67,196,838,24,67,196,838,"Winter",0.5427847044,"FMAII"
